               epoch,      train/box_loss,      train/obj_loss,      train/cls_loss,   metrics/precision,      metrics/recall,     metrics/mAP_0.5,metrics/mAP_0.5:0.95,        val/box_loss,        val/obj_loss,        val/cls_loss,               x/lr0,               x/lr1,               x/lr2
                   0,             0.10978,            0.028016,            0.038161,           0.0022812,             0.61785,           0.0039076,           0.0009649,            0.074034,             0.01966,            0.031705,              0.0874,              0.0014,              0.0014
                   1,             0.08911,            0.026438,            0.037753,           0.0029198,             0.82744,            0.011749,           0.0021211,             0.06808,            0.015275,            0.030995,            0.073871,           0.0028713,           0.0028713
                   2,             0.07841,            0.025129,            0.034186,            0.022498,             0.32609,            0.057536,            0.017746,            0.062946,            0.013299,            0.029553,            0.060313,           0.0043129,           0.0043129
                   3,            0.066212,            0.024177,            0.029782,           0.0030416,             0.89259,             0.04132,           0.0091548,            0.060321,            0.011546,            0.028793,            0.046725,           0.0057248,           0.0057248
                   4,            0.061368,            0.023765,            0.027116,            0.003291,              0.9463,             0.15772,            0.040961,            0.060616,            0.010086,            0.024543,            0.033107,            0.007107,            0.007107
                   5,             0.06066,            0.023265,            0.022946,           0.0033378,             0.86077,              0.1186,              0.0405,            0.066088,           0.0085289,            0.023966,            0.019459,           0.0084594,           0.0084594
                   6,            0.059681,            0.023824,            0.021202,             0.46821,             0.11061,             0.10629,            0.040807,            0.065123,           0.0097713,            0.020721,            0.009406,            0.009406,            0.009406
                   7,            0.058819,            0.022563,             0.01735,             0.42053,            0.092424,            0.091351,            0.029109,            0.061182,            0.009082,            0.023243,            0.009406,            0.009406,            0.009406
                   8,            0.056804,            0.021074,            0.015713,            0.069482,             0.11061,             0.09001,            0.023102,             0.05836,            0.010313,             0.01962,            0.009307,            0.009307,            0.009307
                   9,            0.059101,            0.020026,            0.013125,            0.048926,             0.22121,            0.080568,             0.02084,            0.062908,            0.010508,            0.028916,            0.009208,            0.009208,            0.009208
                  10,            0.061431,            0.022896,            0.011257,             0.39765,             0.18485,            0.062599,            0.015193,            0.057039,            0.012386,            0.026919,            0.009109,            0.009109,            0.009109
                  11,            0.063421,            0.020629,            0.011715,             0.07613,              0.2266,            0.061613,            0.016417,            0.059633,               0.014,            0.029532,             0.00901,             0.00901,             0.00901
                  12,            0.059429,            0.021719,            0.012496,            0.084651,              0.4032,            0.050742,            0.012591,            0.062614,            0.013214,            0.043148,            0.008911,            0.008911,            0.008911
                  13,            0.054841,            0.020769,            0.014261,            0.076277,             0.12989,            0.042851,            0.013414,            0.073396,           0.0098354,              0.0451,            0.008812,            0.008812,            0.008812
                  14,            0.054066,            0.019866,            0.012468,             0.37813,             0.15606,            0.080046,            0.031655,            0.058128,            0.013159,             0.01616,            0.008713,            0.008713,            0.008713
                  15,            0.056749,            0.022112,             0.01363,            0.099989,             0.12292,             0.12275,             0.04153,            0.064719,           0.0092536,            0.015375,            0.008614,            0.008614,            0.008614
                  16,            0.049807,            0.021465,             0.01158,             0.44412,             0.17273,              0.1201,            0.029985,            0.059705,           0.0097476,            0.025846,            0.008515,            0.008515,            0.008515
                  17,            0.052088,            0.021597,            0.012397,             0.15432,             0.42601,             0.13975,            0.036613,            0.061808,            0.011026,            0.017204,            0.008416,            0.008416,            0.008416
                  18,            0.052868,            0.021344,            0.012774,            0.056069,              0.3638,            0.046912,            0.013267,             0.06698,            0.010875,             0.01906,            0.008317,            0.008317,            0.008317
                  19,            0.052563,             0.02045,           0.0098923,            0.077192,              0.2431,            0.068479,            0.019832,            0.063424,            0.010101,            0.023867,            0.008218,            0.008218,            0.008218
                  20,            0.051201,            0.021192,           0.0075853,             0.14756,             0.21987,              0.1021,             0.02951,            0.056257,            0.010069,             0.02089,            0.008119,            0.008119,            0.008119
                  21,            0.056604,            0.020975,            0.011954,             0.10673,             0.28883,             0.09431,            0.031686,             0.06238,           0.0095987,            0.019721,             0.00802,             0.00802,             0.00802
                  22,             0.04813,            0.021458,           0.0084139,             0.10356,             0.23367,            0.081924,            0.025283,             0.06416,           0.0087558,            0.043627,            0.007921,            0.007921,            0.007921
                  23,             0.05146,            0.020209,           0.0099251,             0.19115,             0.28131,             0.18013,             0.04628,            0.059109,           0.0090469,            0.016821,            0.007822,            0.007822,            0.007822
                  24,            0.051249,            0.019734,           0.0067526,             0.27481,             0.38287,             0.29018,            0.086034,            0.054198,           0.0092117,            0.012942,            0.007723,            0.007723,            0.007723
                  25,             0.04778,              0.0185,            0.007915,             0.23642,             0.55359,             0.35609,            0.088206,            0.054865,           0.0089571,            0.017814,            0.007624,            0.007624,            0.007624
                  26,             0.04979,            0.020715,           0.0077073,             0.18909,             0.51886,             0.26063,            0.077255,            0.051472,           0.0090036,             0.01722,            0.007525,            0.007525,            0.007525
                  27,            0.051046,            0.021825,           0.0090957,             0.27404,             0.53401,             0.38093,             0.12133,            0.052594,           0.0083749,            0.018212,            0.007426,            0.007426,            0.007426
                  28,            0.052211,            0.021429,           0.0073342,             0.36712,             0.69579,             0.43397,             0.13866,            0.047463,           0.0087645,            0.022227,            0.007327,            0.007327,            0.007327
                  29,            0.050943,            0.021319,            0.006408,             0.39314,             0.42425,             0.45355,             0.13186,            0.056986,           0.0087821,             0.02846,            0.007228,            0.007228,            0.007228
                  30,            0.045125,            0.020065,           0.0056905,             0.41171,             0.37189,             0.39388,             0.11886,            0.054445,           0.0084083,            0.030664,            0.007129,            0.007129,            0.007129
                  31,            0.049952,            0.020507,           0.0057125,             0.65425,             0.38939,             0.37682,             0.12466,            0.059475,           0.0081936,            0.025339,             0.00703,             0.00703,             0.00703
                  32,             0.04505,            0.020241,           0.0040633,              0.3923,             0.46967,             0.52262,              0.1742,            0.053829,           0.0084989,            0.020199,            0.006931,            0.006931,            0.006931
                  33,            0.046494,            0.019118,           0.0037944,             0.45966,             0.50366,             0.48263,             0.14276,            0.053376,           0.0082239,            0.015287,            0.006832,            0.006832,            0.006832
                  34,            0.048152,            0.020602,           0.0054588,             0.44853,             0.41818,              0.4857,             0.12668,             0.05468,           0.0082734,            0.013607,            0.006733,            0.006733,            0.006733
                  35,            0.048527,             0.01945,           0.0062057,             0.42467,             0.59646,             0.45773,             0.13388,            0.055161,           0.0083259,            0.014405,            0.006634,            0.006634,            0.006634
                  36,            0.048408,            0.019479,           0.0039523,             0.37522,             0.55774,             0.44191,             0.14148,            0.051682,           0.0083907,             0.01643,            0.006535,            0.006535,            0.006535
                  37,            0.046417,             0.02062,           0.0050754,              0.4093,             0.48473,             0.46942,             0.12661,             0.05077,           0.0083034,            0.016628,            0.006436,            0.006436,            0.006436
                  38,            0.044152,            0.019439,           0.0052091,             0.32898,             0.54007,              0.5094,             0.14556,            0.049844,           0.0083654,             0.01722,            0.006337,            0.006337,            0.006337
                  39,            0.045853,            0.018732,           0.0048295,             0.37533,             0.59787,             0.48851,             0.17852,             0.05225,            0.008471,            0.016127,            0.006238,            0.006238,            0.006238
                  40,            0.043327,            0.020189,            0.004793,             0.53958,             0.45109,             0.49893,             0.16606,            0.049102,           0.0086983,            0.017796,            0.006139,            0.006139,            0.006139
                  41,            0.045003,            0.019369,           0.0037916,             0.37832,             0.49343,             0.51475,             0.16543,            0.050701,            0.008371,            0.017659,             0.00604,             0.00604,             0.00604
                  42,            0.048215,            0.019287,           0.0060924,             0.44036,             0.56983,             0.46714,             0.11808,            0.052627,           0.0085263,            0.025887,            0.005941,            0.005941,            0.005941
                  43,            0.044834,            0.018867,           0.0037241,             0.44745,             0.55993,             0.49569,             0.15647,            0.056568,           0.0083905,            0.026108,            0.005842,            0.005842,            0.005842
                  44,            0.046917,             0.01816,           0.0028475,             0.45164,             0.56475,             0.50552,             0.14346,            0.054272,           0.0081676,            0.026844,            0.005743,            0.005743,            0.005743
                  45,            0.046247,            0.018801,           0.0039194,             0.49101,             0.51448,             0.49368,              0.1732,             0.05344,           0.0079707,              0.0272,            0.005644,            0.005644,            0.005644
                  46,            0.043415,            0.020113,            0.003194,             0.55888,             0.57385,             0.55166,             0.19166,            0.053655,           0.0077595,            0.027238,            0.005545,            0.005545,            0.005545
                  47,            0.047644,            0.019709,           0.0037175,             0.57204,             0.46381,             0.50901,             0.14004,            0.049661,           0.0085341,            0.027419,            0.005446,            0.005446,            0.005446
                  48,            0.041426,            0.017661,           0.0029571,             0.68254,              0.6207,              0.6329,             0.20435,            0.048932,           0.0079373,            0.018199,            0.005347,            0.005347,            0.005347
                  49,            0.045145,            0.017264,           0.0021597,             0.64009,             0.60237,             0.61974,             0.21456,            0.053221,           0.0077841,            0.005828,            0.005248,            0.005248,            0.005248
                  50,            0.045054,            0.019389,           0.0056759,             0.54012,             0.52374,             0.57421,             0.20277,            0.052198,           0.0079553,            0.011503,            0.005149,            0.005149,            0.005149
                  51,            0.042665,            0.018804,           0.0025594,             0.52709,             0.63316,             0.55147,             0.22812,            0.049606,           0.0079602,            0.023349,             0.00505,             0.00505,             0.00505
                  52,            0.041896,            0.018158,           0.0030526,             0.54714,             0.59949,             0.57023,             0.21002,            0.049012,           0.0079342,            0.029485,            0.004951,            0.004951,            0.004951
                  53,            0.041518,            0.018735,           0.0063208,             0.58187,             0.61968,             0.59696,             0.20968,             0.05106,            0.008031,             0.03086,            0.004852,            0.004852,            0.004852
                  54,            0.041806,            0.017508,           0.0050884,             0.52517,              0.6096,             0.60043,             0.21523,            0.050209,           0.0078787,            0.023397,            0.004753,            0.004753,            0.004753
                  55,            0.041691,             0.01887,            0.002714,             0.58121,             0.65452,             0.59902,             0.23507,            0.051488,           0.0079054,             0.01368,            0.004654,            0.004654,            0.004654
                  56,             0.04193,            0.018401,           0.0023237,             0.56411,             0.54966,             0.58165,             0.23379,            0.050609,            0.007866,             0.01078,            0.004555,            0.004555,            0.004555
                  57,            0.039836,            0.017249,           0.0024661,             0.52288,             0.67611,             0.59408,             0.27498,             0.05071,           0.0074399,            0.015085,            0.004456,            0.004456,            0.004456
                  58,             0.04525,             0.01828,           0.0053095,             0.52591,             0.64136,             0.64357,             0.26902,            0.050124,           0.0073373,            0.021262,            0.004357,            0.004357,            0.004357
                  59,            0.039805,            0.018192,           0.0029639,             0.57701,             0.52879,             0.60738,             0.27157,            0.050523,           0.0076271,            0.022421,            0.004258,            0.004258,            0.004258
                  60,            0.039254,            0.019706,            0.002599,             0.49999,             0.48333,             0.54719,             0.23062,            0.051316,           0.0076959,             0.02312,            0.004159,            0.004159,            0.004159
                  61,            0.041353,            0.017966,            0.001997,             0.56519,               0.677,             0.65778,              0.2742,            0.050996,           0.0075321,             0.02275,             0.00406,             0.00406,             0.00406
                  62,            0.041723,            0.018035,           0.0033537,             0.63671,             0.67238,             0.66209,             0.28872,            0.050061,            0.007436,            0.016542,            0.003961,            0.003961,            0.003961
                  63,            0.037756,            0.018133,           0.0016323,             0.55821,              0.6341,             0.65325,             0.27182,            0.050284,           0.0074295,            0.012891,            0.003862,            0.003862,            0.003862
                  64,            0.039629,            0.017506,           0.0019206,             0.59725,             0.67663,              0.6614,             0.27177,            0.049378,           0.0074133,            0.013135,            0.003763,            0.003763,            0.003763
                  65,            0.036944,            0.017233,           0.0011216,             0.55543,             0.63785,             0.62216,             0.26444,            0.047371,           0.0073698,             0.01484,            0.003664,            0.003664,            0.003664
                  66,            0.039544,            0.017501,           0.0013767,             0.59665,              0.6859,             0.64002,             0.27458,            0.046882,           0.0074123,            0.012888,            0.003565,            0.003565,            0.003565
                  67,            0.038292,             0.01756,           0.0015582,              0.6659,             0.64672,             0.67277,             0.30256,            0.046974,           0.0073198,            0.012101,            0.003466,            0.003466,            0.003466
                  68,            0.038435,            0.017119,           0.0021222,             0.67599,             0.71763,             0.69512,             0.31036,             0.04581,           0.0071996,            0.012647,            0.003367,            0.003367,            0.003367
                  69,            0.035253,            0.017001,           0.0020199,             0.67851,             0.72776,             0.69298,             0.30561,             0.04707,           0.0072908,            0.010901,            0.003268,            0.003268,            0.003268
                  70,            0.036946,            0.017981,           0.0031693,             0.64598,             0.74596,             0.67814,             0.29415,            0.045752,           0.0072535,            0.010742,            0.003169,            0.003169,            0.003169
                  71,               0.039,             0.01688,           0.0043237,              0.6417,             0.74929,             0.68567,             0.29542,            0.045691,           0.0072441,            0.012753,             0.00307,             0.00307,             0.00307
                  72,             0.03566,            0.017514,           0.0027516,             0.61785,             0.76448,             0.69607,             0.30207,            0.047064,           0.0072092,            0.014194,            0.002971,            0.002971,            0.002971
                  73,            0.034345,             0.01725,           0.0017026,             0.61032,             0.78636,             0.67397,             0.30094,            0.046496,           0.0073007,             0.01656,            0.002872,            0.002872,            0.002872
                  74,            0.040098,            0.016016,           0.0022176,             0.58494,             0.73081,             0.66663,             0.30172,            0.046186,           0.0074391,            0.019767,            0.002773,            0.002773,            0.002773
                  75,            0.035715,             0.01644,           0.0030473,             0.62733,             0.61465,             0.64967,               0.282,            0.046363,           0.0074514,            0.014767,            0.002674,            0.002674,            0.002674
                  76,            0.035791,            0.017278,           0.0014892,             0.67614,             0.64695,              0.6626,             0.29035,            0.045548,           0.0075293,            0.012838,            0.002575,            0.002575,            0.002575
                  77,            0.033721,            0.016197,           0.0016223,             0.62881,              0.6999,             0.67968,             0.30958,             0.04455,           0.0075592,            0.012437,            0.002476,            0.002476,            0.002476
                  78,            0.040566,            0.017569,           0.0020718,             0.66299,             0.74297,             0.69874,             0.29304,            0.044627,           0.0074093,            0.013581,            0.002377,            0.002377,            0.002377
                  79,            0.036605,            0.016798,           0.0024308,             0.65748,             0.73725,             0.67831,             0.30672,            0.044998,           0.0074705,            0.012126,            0.002278,            0.002278,            0.002278
                  80,            0.035481,            0.015847,           0.0018739,             0.65214,             0.73081,              0.6796,             0.29394,            0.045954,           0.0075274,            0.013474,            0.002179,            0.002179,            0.002179
                  81,            0.038273,            0.016305,           0.0032703,             0.62823,              0.6904,             0.67205,             0.30302,            0.046098,           0.0075628,            0.016302,             0.00208,             0.00208,             0.00208
                  82,            0.035632,            0.017287,           0.0017792,             0.64536,             0.72744,             0.68101,             0.30807,            0.046735,            0.007409,            0.014959,            0.001981,            0.001981,            0.001981
                  83,            0.036426,            0.016734,           0.0029603,             0.64281,             0.70892,             0.66825,             0.30051,            0.047518,           0.0074393,            0.014431,            0.001882,            0.001882,            0.001882
                  84,            0.035435,            0.015571,           0.0018137,              0.6508,             0.72744,             0.67794,             0.30845,            0.046769,           0.0074282,             0.01588,            0.001783,            0.001783,            0.001783
                  85,            0.034746,            0.016399,           0.0014803,             0.66952,             0.76111,             0.69353,              0.2957,            0.046577,           0.0073913,            0.015931,            0.001684,            0.001684,            0.001684
                  86,             0.03629,            0.015887,           0.0010885,             0.68379,             0.70758,             0.69415,             0.30594,            0.047982,           0.0074705,            0.015618,            0.001585,            0.001585,            0.001585
                  87,            0.032946,            0.015768,          0.00096905,             0.68276,             0.78016,             0.69788,             0.30168,            0.046968,           0.0076417,            0.015881,            0.001486,            0.001486,            0.001486
                  88,            0.034835,            0.016434,             0.00165,               0.677,             0.74933,             0.68784,             0.30914,             0.04558,           0.0076343,            0.016977,            0.001387,            0.001387,            0.001387
                  89,            0.032981,            0.016081,           0.0013739,             0.68322,             0.73418,             0.68306,             0.29913,            0.045654,           0.0075846,            0.016346,            0.001288,            0.001288,            0.001288
                  90,            0.035001,            0.016051,           0.0013616,             0.63433,             0.71616,             0.67036,             0.31085,            0.046421,           0.0077025,            0.015034,            0.001189,            0.001189,            0.001189
                  91,            0.034795,            0.015521,            0.001055,             0.69332,             0.65225,             0.67411,             0.31172,            0.047081,           0.0077516,            0.017374,             0.00109,             0.00109,             0.00109
                  92,            0.034146,             0.01691,           0.0020164,             0.68272,             0.70387,              0.6806,                0.32,            0.046917,           0.0077271,            0.017103,            0.000991,            0.000991,            0.000991
                  93,            0.032497,            0.015078,           0.0013518,             0.71681,             0.72799,             0.69396,             0.32719,            0.046379,           0.0076406,            0.017982,            0.000892,            0.000892,            0.000892
                  94,            0.033337,            0.014839,           0.0029177,             0.65279,             0.74933,             0.68109,             0.31968,            0.045902,            0.007618,            0.017732,            0.000793,            0.000793,            0.000793
                  95,            0.033908,            0.015986,          0.00078761,             0.65587,             0.76448,             0.69175,              0.3193,            0.045161,            0.007618,            0.017805,            0.000694,            0.000694,            0.000694
                  96,            0.032855,            0.015221,           0.0015779,              0.6433,             0.73552,             0.69333,             0.31165,            0.044894,           0.0076243,            0.017876,            0.000595,            0.000595,            0.000595
                  97,            0.031291,            0.015888,           0.0007511,             0.65321,             0.75212,             0.69693,             0.33247,            0.044702,            0.007632,            0.017802,            0.000496,            0.000496,            0.000496
                  98,            0.032664,            0.015286,          0.00085925,             0.69217,             0.75165,             0.69326,             0.33225,            0.044618,            0.007659,            0.017452,            0.000397,            0.000397,            0.000397
                  99,            0.033965,            0.015685,           0.0011633,             0.71465,             0.72658,             0.69324,             0.32999,            0.044644,            0.007654,            0.017217,            0.000298,            0.000298,            0.000298
